style,single,double
CC37,1380.54,2803.57
CCV932,824.84,1692.68
FCM760,560.34,1161.47
FC903,535.23,1110.52
S770XN,243.24,516.45
950HD,527.13,1084.26
TS130,215.16,471.3
CCA214,1380.54,2803.57
CCA224,824.84,1692.68
CCA234,560.34,1161.47
CCA213,535.23,1110.52
CCA212,243.24,516.45
CCA222,527.13,1084.26
CCA232,215.16,471.3
CCA211,539.52,1121.21
CCA221,1380.54,2803.57
CCA231,824.84,1692.68
CCA210XC,560.34,1161.47
CCA210XJ,535.23,1110.52
CCA210XR,243.24,516.45
CCA210XN,527.13,1084.26
CCA210,215.16,471.3
CCA220,1380.54,2803.57
CCA230,824.84,1692.68
CCA240,560.34,1161.47
CCA260,535.23,1110.52
CCA220XJ,243.24,516.45
CCA220XC,527.13,1084.26
CCA220XR,215.16,471.3
CCA220XN,1380.54,2803.57
CCA230XR,824.84,1692.68
CCA230XC,560.34,1161.47
CCA230XJ,535.23,1110.52
CCA230XN,243.24,516.45
CCA240XN,527.13,1084.26
CCA240XC,215.16,471.3
CCA240XJ,1380.54,2803.57
CCA240XR,824.84,1692.68
CCA260XC,560.34,1161.47
CCA260XJ,535.23,1110.52
CCA260XR,243.24,516.45
CCA260XN,527.13,1084.26
CCA8214,215.16,471.3
CCA8224,539.52,1121.21
CCA234,1380.54,2803.57
CCA8213,824.84,1692.68
CCA8212,560.34,1161.47
CCA8222,535.23,1110.52
CCA8232,243.24,516.45
CCA8211,527.13,1084.26
CCA8221,215.16,471.3
CCA8231,1380.54,2803.57
CCA8210,824.84,1692.68
CCA8220,560.34,1161.47
CCA8230,535.23,1110.52
CCA8240,243.24,516.45
CCA8260,527.13,1084.26
CCA8210XC,215.16,471.3
CCA8210XJ,1380.54,2803.57
CCA8210XR,824.84,1692.68
CCA8210XN,560.34,1161.47
CCA8220XJ,535.23,1110.52
CCA8220XC,243.24,516.45
CCA8220XR,527.13,1084.26
CCA8220XN,215.16,471.3
CCA8230XR,1380.54,2803.57
CCA8230XC,824.84,1692.68
CCA8230XJ,560.34,1161.47
CCA8230XN,535.23,1110.52
CCA8240XN,243.24,516.45
CCA8240XC,527.13,1084.26
CCA8240XJ,215.16,471.3
CCA8240XR,539.52,1121.21
CCA8260XC,1380.54,2803.57
CCA8260XJ,824.84,1692.68
CCA8260XR,560.34,1161.47
CCA8260XN,535.23,1110.52
CCM109,243.24,516.45
CCM209,527.13,1084.26
CCM309,215.16,471.3
CCM409,1380.54,2803.57
CCM509,824.84,1692.68
CCM609,560.34,1161.47
CCM709,535.23,1110.52
CCM809,243.24,516.45
CCM105,527.13,1084.26
CCM205,215.16,471.3
CCM305,1380.54,2803.57
CCM405,824.84,1692.68
CCM505,560.34,1161.47
CCM605,535.23,1110.52
CCM705,243.24,516.45
CCM805,527.13,1084.26
CCM110B,1290.11,2642.14
CCM110G,1380.54,2803.57
CCM210B,824.84,1692.68
CCM210G,560.34,1161.47
CCM310B,535.23,1110.52
CCM310G,243.24,516.45
CCM610B,527.13,1084.26
CCM610G,215.16,471.3
CCM710B,539.52,1121.21
CCM710G,1380.54,2803.57
CCM810B,824.84,1692.68
CCM810G,560.34,1161.47
CCM103,535.23,1110.52
CCM203,243.24,516.45
CCM303,527.13,1084.26
CCM403,215.16,471.3
CCM503,1380.54,2803.57
CCM603,824.84,1692.68
CCM703,560.34,1161.47
CCM803,535.23,1110.52
CCM212,243.24,516.45
CCM611,527.13,1084.26
CCM711,215.16,471.3
CCM811,1380.54,2803.57
CCM100XC,824.84,1692.68
CCM100XJ,560.34,1161.47
CCM100XR,535.23,1110.52
CCM100XN,243.24,516.45
CCM200XJ,527.13,1084.26
CCM200XC,215.16,471.3
CCM200XR,1380.54,2803.57
CCM200XN,824.84,1692.68
CCM300XN,560.34,1161.47
CCM300XC,535.23,1110.52
CCM300XJ,243.24,516.45
CCM300XR,527.13,1084.26
CCM600XC,215.16,471.3
CCM600XJ,539.52,1121.21
CCM600XR,1380.54,2803.57
CCM600XN,824.84,1692.68
CCM100,560.34,1161.47
CCM200,535.23,1110.52
CCM300,243.24,516.45
CCM400,527.13,1084.26
CCM500,215.16,471.3
CCM600,1380.54,2803.57
CCM700,824.84,1692.68
CCM800,560.34,1161.47
CCM890,535.23,1110.52
CCM60,243.24,516.45
CCM701,527.13,1084.26
CCM801,215.16,471.3
CCM894,1380.54,2803.57
CCM893,824.84,1692.68
CCM895B,560.34,1161.47
CCM895G,535.23,1110.52
CCM892,243.24,516.45
CCM891XR,527.13,1084.26
CCM891XC,215.16,471.3
CCM891XJ,1380.54,2803.57
CCM891XN,824.84,1692.68
CCM891,560.34,1161.47
CCM890,535.23,1110.52
CCR30029,243.24,516.45
CCR04029,527.13,1084.26
CCR20529,215.16,471.3
CCR20029,539.52,1121.21
CCR30027,1380.54,2803.57
CCR04027,824.84,1692.68
CCR04037,560.34,1161.47
CCR04037A,535.23,1110.52
CCR20527,243.24,516.45
CCR20537,527.13,1084.26
CCR20537A,215.16,471.3
CCR20027,1380.54,2803.57
CCR20027,824.84,1692.68
CCR20037,560.34,1161.47
CCR20037A,535.23,1110.52
CCR04046,243.24,516.45
CCR04046R,527.13,1084.26
CCR822546,215.16,471.3
CCR822546R,1380.54,2803.57
CCR822046,824.84,1692.68
CCR822046R,560.34,1161.47
CCR30025,535.23,1110.52
CCR04025,243.24,516.45
CCR804035,527.13,1084.26
CCR804035A,215.16,471.3
CCR20525,1380.54,2803.57
CCR820525,824.84,1692.68
CCR820525A,560.34,1161.47
CCR20025,535.23,1110.52
CCR820035,243.24,516.45
CCR820035A,527.13,1084.26
CCR30024B,215.16,471.3
CCR30024G,539.52,1121.21
CCR04024B,1380.54,2803.57
CCR04024G,824.84,1692.68
CCR20524B,560.34,1161.47
CCR20524G,535.23,1110.52
CCR20024B,243.24,516.45
CCR20024G,527.13,1084.26
CCR30028,215.16,471.3
CCR04028,1380.54,2803.57
CCR20528,824.84,1692.68
CCR20028,560.34,1161.47
CCR30023,535.23,1110.52
CCR04023,243.24,516.45
CCR20523,527.13,1084.26
CCR20023,215.16,471.3
CCR30026,1380.54,2803.57
CCR04026,824.84,1692.68
CCR20526,560.34,1161.47
CCR20026,535.23,1110.52
CCR30020XC,243.24,516.45
CCR30020XJ,527.13,1084.26
CCR30020XR,215.16,471.3
CCR30020XN,1380.54,2803.57
CCR04020XJ,824.84,1692.68
CCR04020XC,560.34,1161.47
CCR04020XR,535.23,1110.52
CCR04020XN,243.24,516.45
CCR20520XR,527.13,1084.26
CCR20520XC,215.16,471.3
CCR20520XJ,539.52,1121.21
CCR20520XN,1380.54,2803.57
CCR20020XN,824.84,1692.68
CCR20020XC,560.34,1161.47
CCR20020XJ,535.23,1110.52
CCR20020XR,243.24,516.45
CCR80403XC,527.13,1084.26
CCR80403XJ,215.16,471.3
CCR80403XR,1380.54,2803.57
CCR80403XN,824.84,1692.68
CCR82053XJ,560.34,1161.47
CCR82053XC,535.23,1110.52
CCR82053XR,243.24,516.45
CCR82053XN,527.13,1084.26
CCR820030XR,215.16,471.3
CCR820030XC,1380.54,2803.57
CCR820030XJ,824.84,1692.68
CCR820030XN,560.34,1161.47
CCR804030AXN,535.23,1110.52
CCR804030AXC,243.24,516.45
CCR804030AXJ,527.13,1084.26
CCR804030AXR,215.16,471.3
CCR820530AXC,1380.54,2803.57
CCR820530AXJ,824.84,1692.68
CCR820530AXR,560.34,1161.47
CCR820530AXN,535.23,1110.52
CCR820030AXJ,243.24,516.45
CCR820030AXC,527.13,1084.26
CCR820030AXR,215.16,471.3
CCR820030AXN,539.52,1121.21
CCR30020,1380.54,2803.57
CCR04020,824.84,1692.68
CCR804030,560.34,1161.47
CCR804030A,535.23,1110.52
CCR20520,243.24,516.45
CCR820530,527.13,1084.26
CCR820530A,215.16,471.3
CCR20020,1380.54,2803.57
CCR820030,824.84,1692.68
CCR820030A,560.34,1161.47
CCR205,535.23,1110.52
CCR205A,243.24,516.45
CCR8225,527.13,1084.26
CCR8225R,215.16,471.3
CCR8005,1380.54,2803.57
CCR8005A,824.84,1692.68
CCR040,560.34,1161.47
CCR040R,535.23,1110.52
CCR200,417.58,898.46
CCR200A,527.13,1084.26
CCR8220,215.16,471.3
CCR8220R,1380.54,2803.57
CCR100,824.84,1692.68
CCR100A,560.34,1161.47
CCR100R,535.23,1110.52
CCR110,243.24,516.45
CCR110A,527.13,1084.26
CCR110R,215.16,471.3
CCR804029,539.52,1121.21
CCR820529,1380.54,2803.57
CCR820029,824.84,1692.68
CCR804027,560.34,1161.47
CCR804037,535.23,1110.52
CCR804037A,243.24,516.45
CCR820527,527.13,1084.26
CCR820537,215.16,471.3
CCR820537A,1380.54,2803.57
CCR820027,824.84,1692.68
CCR820037,560.34,1161.47
CCR820037A,535.23,1110.52
CCR804046,243.24,516.45
CCR804046R,527.13,1084.26
CCR822546,215.16,471.3
CCR822846R,1380.54,2803.57
CCR822046,824.84,1692.68
CCR822046R,560.34,1161.47
CCR804025,535.23,1110.52
CCR804035,243.24,516.45
CCR804035A,527.13,1084.26
CCR820525,215.16,471.3
CCR820535,1380.54,2803.57
CCR820535A,824.84,1692.68
CCR820025,560.34,1161.47
CCR820035,535.23,1110.52
CCR820035A,243.24,516.45
CCR084024B,527.13,1084.26
CCR084024G,215.16,471.3
CCR820524B,539.52,1121.21
CCR820524G,1380.54,2803.57
CCR820024B,824.84,1692.68
CCR820024G,560.34,1161.47
CCR804028,535.23,1110.52
CCR820528,243.24,516.45
CCR820028,527.13,1084.26
CCR804023,215.16,471.3
CCR820523,1380.54,2803.57
CCR820023,824.84,1692.68
CCR804026,560.34,1161.47
CCR820526,535.23,1110.52
CCR820026,243.24,516.45
CCR804020XJ,527.13,1084.26
CCR804020XC,215.16,471.3
CCR804020XR,1380.54,2803.57
CCR804020XN,824.84,1692.68
CCR820520XR,560.34,1161.47
CCR820520XC,535.23,1110.52
CCR820520XJ,243.24,516.45
CCR820520XN,527.13,1084.26
CCR820020XN,215.16,471.3
CCR820020XC,1380.54,2803.57
CCR820020XJ,824.84,1692.68
CCR820020XR,560.34,1161.47
CCR804030XC,535.23,1110.52
CCR804030XJ,243.24,516.45
CCR804030XR,527.13,1084.26
CCR804030XN,215.16,471.3
CCR820530XJ,539.52,1121.21
CCR820530XC,1380.54,2803.57
CCR820530XR,824.84,1692.68
CCR820530XN,560.34,1161.47
CCR820030XR,535.23,1110.52
CCR820030XC,243.24,516.45
CCR820030XJ,527.13,1084.26
CCR820030XN,215.16,471.3
CCR804030AXN,1380.54,2803.57
CCR804030AXC,824.84,1692.68
CCR804030AXJ,560.34,1161.47
CCR804030AXR,535.23,1110.52
CCR820530AXC,243.24,516.45
CCR820530AXJ,527.13,1084.26
CCR820530AXR,215.16,471.3
CCR820530AXN,1380.54,2803.57
CCR820030AXJ,824.84,1692.68
CCR820030AXC,560.34,1161.47
CCR820030AXR,535.23,1110.52
CCR820030AXN,243.24,516.45
CCR804020,527.13,1084.26
CCR804030,215.16,471.3
CCR804030A,1380.54,2803.57
CCR820520,824.84,1692.68
CCR820520A,560.34,1161.47
CCR820020,535.23,1110.52
CCR820030,243.24,516.45
CCR820030A,527.13,1084.26
CCR8205,215.16,471.3
CCR8205A,539.52,1121.21
CCR8225,1380.54,2803.57
CCR8005,824.84,1692.68
CCR8005A,560.34,1161.47
CCR8040,535.23,1110.52
CCR8040R,243.24,516.45
CCR8200,527.13,1084.26
CCR8200A,215.16,471.3
CCR8220R,1380.54,2803.57
CCR8100,824.84,1692.68
CCR8100A,560.34,1161.47
CCR8100R,535.23,1110.52
CCR8110,243.24,516.45
CCR8110A,527.13,1084.26
CCR8110R,215.16,471.3
CCR8225R,1380.54,2803.57
